Cluster_0,Cluster_1,Cluster_2,Cluster_3,Cluster_4,Cluster_5,Cluster_6,Cluster_7,Cluster_8,Cluster_9,Cluster_10,Cluster_11
essential oils,microbial fuel,fuzzy lyapunov method,bifurcations occur delay,osteoarthritis oa,breast cancer survivors,functionally graded steels,graphene oxide,dendritic cells,hypertrophic cardiomyopathy hcm,mesenchymal stem cells,cell lung cancer
essential oil,microbial fuel cells,fuzzy lyapunov,hopf bifurcations stability,knee osteoarthritis,working memory,graded steels,graphene,dendritic cells dcs,acute ischemic stroke,cerebral ischemia,lung cancer nsclc
silver nanoparticles agnps,microbial fuel cell,adaptive neuro fuzzy,pipe heat exchanger,hydroxyapatite,physical activity pa,neural networks model,perovskite solar,newcastle disease virus,pulmonary artery thermodilution,alzheimer disease,hepatocellular carcinoma hcc
green fluorescent protein,aerobic microbial degradation,particle swarm optimization,periodic solutions,evaluate bone implant,traumatic brain injury,functionally graded steel,carbon nanotubes,respiratory syndrome coronavirus,pain injection propofol,apoptosis inflammatory,lung cancer
drosophila genome,microwave assisted extraction,neuro fuzzy inference,fractional differential equations,ankle arthroplasty,multiple sclerosis ms,titanium alloy,perovskite solar cell,coronavirus sars cov,aortic dissection,diabetic nephropathy,micrornas
fluorescent protein,remote sensing,support vector machine,convection heat transfer,pain questionnaire,knowledge management km,neural networks models,photocatalytic degradation,rheumatoid arthritis,ischemic stroke,endothelial progenitor cells,hepatocellular carcinoma
inhibitory activity complement,bacterial communities,fuzzy controller design,nanofluid flow,mesenchymal stem cells,depression scale,graded steels produced,magnetic anisotropy,clostridium difficile infection,atrial fibrillation af,inflammatory cytokines,renal cell carcinoma
sensitive bacteria produce,bio electrochemical,control recurrent laguerre,harmonic functions,knee osteoarthritis oa,neonatal mortality,nanoparticles concrete,graphene oxide rgo,staphylococcus aureus,cardiac arrest,alzheimer disease ad,circular rnas circrnas
bacteria produce rare,salts chemoorganotrophic bacteria,background estimation method,asymptotic behavior solutions,femoral neck fracture,adolescent depression scale,artificial neural networks,perovskite solar cells,rheumatoid arthritis ra,hypertrophic cardiomyopathy,blood brain barrier,ovarian cancer cells
plant salt tolerance,mitochondrial genome,adaptive control,delay bifurcation,bone graft,cancer survivors,graded ferritic austenitic,reduced graphene oxide,allergic asthma,atherosclerotic plaques,cell apoptosis inflammatory,colorectal cancer
